Cue,Name,Trigger,Script page,Mantra target,Look,Sound,Video,FX,Song,Critical
1,Preshow preset,House opens,—,P2 M1 cue 1,M02 HOUSE,House music + VID-01 low/black as directed,BG-01,Haze OFF; operators at preset,,
2,House open,Audience admitted,—,P2 M1 cue 2,M02 HOUSE,Preshow music,,Stage sealed / props preset,,
3,Places warning,SM calls places,—,P2 M1 cue 3,M02; stage preset ready,Fade house music toward standby,,HZ-01 standby,,
4,Show start,House out / opening ready,6,P2 M1 cue 4,M03 UNDERWATER,VID-01 + low ocean bed,BG-02,Short haze pre-burst,,
5,Spirit entrance,Spirit appears,6,P2 M1 cue 5,SP2 + M03,Spirit magic SFX,,Low haze,,
6,Octavia entrance,Octavia appears / boos,6,P2 M1 cue 6,SP3 + darker M03,Evil chord,,Hold atmosphere,,
7,Octavia exit,Exit beat,6,P2 M1 cue 7,SP3 down / M03,Evil chord tail or clean stop,,No extra effect,,
8,Opening number,Spirit exits / music starts,7,P2 M1 cue 8,M03 UNDERWATER,MUS-A1-01,BG-22,Ensemble vocal mix,S1,
S1,Rock Lobster,Straight after Q8,7,P4 M1 (7 sections),,S01 Rock Lobster (original).mp3,,,S1,
9,Theodore entrance,Character entrance,8,P2 M1 cue 9,M04 COMEDY,Optional short sting,BG-17,Clear haze,,
10,Queen Marina entrance,Marina entrance,9,P2 M1 cue 10,M05 ROYAL accent,Fanfare,,Return to underwater/royal balance,,
11,Ariel upset / exit,Emotional shift,12,P2 M1 cue 11,M03 softer / SP1 if required,Optional soft resolve,,Keep projection calm,,
12,Singing Lesson preset,Scene Two begins,12,P2 M2 cue 1,M04 COMEDY,Optional comic intro,BG-03,Audience interaction setup,,
13,Audience interaction,House lights up as scripted,13,P2 M2 cue 2,M04 + house 15-20%,Live dialogue,,Do not over-light audience,,
14,Dame song,Dame starts song,14,P2 M2 cue 3,M04 COMEDY,MUS-A1-02,,Dame mic priority,S2,
S2,Feeling Good (Austin Millz Remix),Straight after Q14,14,P4 M2 (6 sections),,S02 Feeling Good (vocal - swap for backing).mp3,,,S2,
15,Ariel solo,Ariel starts solo,16,P2 M2 cue 4,SP1 + M03,MUS-A1-03,,Ariel mic priority,S3,
S3,Part of Your World,Straight after Q15,16,P4 M3 (7 sections),,S03 Part of Your World (vocal - swap for backing).mp3,,,S3,
15.5,Ship above - Ariel looks up,"FLANDERS: ""That was incredible.""",16,P2 M2 cue 5,Lighting shifts: SP1 + cool top-light shaft,-,,Ariel looks up,,
16,Octavia entrance,Octavia appears,16,P2 M2 cue 6,SP3 / purple-dark accent,Evil chord,,Optional low haze,,
16.5,Octavia conjures the storm,"""...this is going to be spectacular!""",17,P2 M2 cue 7,Lighting churns: M11 + slow swirl,Magic / villain swell,BG-04,Optional short haze,,
17,Scene Two blackout,Scene ends,17,P2 M2 cue 8,M01 BLACKOUT,Music/SFX clean out,,House remains independent,,
18,Ship number,Ship scene / song starts,19,P2 M3 cue 1,M06 SHIP,MUS-A1-04 + VID-03,BG-05,Optional low haze,S4,
S4,Wellerman (Sea Shanty),Straight after Q18,19,P4 M4 (7 sections),,S04 Wellerman (swap for backing if vocal).mp3,,,S4,
19,Weather gag,Weather report beat,20,P2 M3 cue 2,M06 + quick accent,"Weather report (wind/rain bed disarmed - gusts at 19.1, rain at 19.2)",BG-06,Wet FX standby only,,yes
19.1,Weather: gusts of wind,"""With gusts of wind""",20,,-,Fart sound,,Comedy beat,,
19.2,Weather: periodic rain,"""And periodic rain.""",20,,-,Rain burst,,Water pistols spray audience (R-23),,yes
19.3,Weather: back to normal,Pistols stop,20,P2 M3 cue 3,Return to M06 SHIP,-,BG-05,Towels ready,,
20,Storm wind build,Storm begins,21,P2 M3 cue 4,M08 STORM,Wind + rain build + VID-04,BG-07,HZ-04 burst,,
21,Lightning 1,First lightning action,21,P2 M3 cue 5; P2 M3 cue 6,M09 LIGHTNING -> M08,Lightning crack + thunder,,Short flash only,,yes
22,Storm build,Action escalates,21,P2 M3 cue 7,M08 STORM,Wind/rain + ship creaks,,Controlled haze,,
23,Major lightning,Major storm beat,22,P2 M3 cue 8; P2 M3 cue 9,M09 LIGHTNING -> M08,Close thunder / impact,,Protect dialogue headroom,,yes
24,Ship lurch / water,Visible ship movement / spray,22,P2 M3 cue 10,M08 with intensity shift,Ship groan + water impact,,Approved water effect,,yes
25,Storm peak,Maximum storm action,22,P2 M3 cue 11; P2 M3 cue 12,M09 / M08,Major thunder + heavy rain,,HZ-05 short controlled burst,,yes
26,Evan overboard,Evan disappears / search,22,P2 M3 cue 13,Low blue storm tail,Splash + low water bed,,No flash unless scripted,,
27,Storm stop / shore transition,Storm visibly ends,22,P2 M3 cue 14,M06 -> M07 SHORE,Storm fade + transition + VID-05,BG-21,HZ-06 OFF,,
27.5,Scene Three end,"""Then it's still my royal prerogative.""",23,P2 M3 cue 15,Tabs close; fade to preset,Storm tail out / transition,,"Deck: sweep salt, dry check",,
28,Spirit on shore,Spirit appears,24,P2 M4 cue 1,SP2 + M07,Spirit magic,BG-08,Clear stage,,
28.5,Spirit disappears,"""...next for this prince and princess.""",24,P2 M4 cue 2,SP2 out; M07 holds,Magical sound,,-,,
29,Evan wakes,Evan opens eyes,24,P2 M4 cue 3,Evan/area special or warm lift,Small shimmer then silence,,Dialogue priority,,
30,Ariel/Evan duet,Duet begins,25,P2 M4 cue 4,M07 + SP1,MUS-A1-05,,Two lead mics priority,S5,
S5,(I've Had) The Time of My Life,Straight after Q30,25,P4 M5 (8 sections),,S05 The Time of My Life (vocal - swap for backing).mp3,,,S5,
30.5,Scene Four end,Evan and Willis follow off,26,P2 M4 cue 5,BLACKOUT,Transition out,,Deck change to Scene Five,,
31,Underwater bar / Scene Five,Return underwater,27,P2 M5 cue 1,M03 richer colour,Ocean/bar ambience + VID-01,BG-02,Optional low haze,,
32,Octavia bar entrance,Octavia enters,29,P2 M5 cue 2,SP3 / dramatic accent,Evil chord,,Hold low haze if used,,
33,Bargain standby,Ariel agrees / hand about to be taken,30,P2 M5 cue 3,M10 ready,Magic build ready + VID-07,BG-09,HZ-07 standby,,
34,Transformation build,Hands meet / spell starts,30,P2 M5 cue 4,M10 MAGIC,Magic swell / build,,Short haze burst,,
35,Transformation flash,Transformation completes,31,P2 M5 cue 5; P2 M5 cue 6,Brief M09-like white hit -> new state,Transformation impact,,No repeated flash,,yes
36,Voice into shell,Voice moves / shell activates,31,P2 M5 cue 7,SP1 -> SP4 / M12,Shell / voice SFX,,Keep shell brightest point,,
36.5,Octavia exits; court enters,"""...evil plans don't make themselves!""",32,P2 M5 cue 8,SP3 out; back to M03 underwater,Evil chord,BG-02,-,,
36.7,Spirit enters,Theodore panics - after a moment,32,P2 M5 cue 9,SP2 + M10 accent,Magical sound,,-,,
37,Act One end,Tabs close,33,P2 M5 cue 10,M01 BLACKOUT,End-act / interval music,,House up after clear,,
38,Interval,House open,—,P2 M6 cue 1,M02 HOUSE,Interval music,BG-16,Reset / dry / check,,
39,Act Two start,House out / palace preset,34,P3 M1 cue 1,M05 ROYAL,VID-02 / palace intro,BG-18,Haze OFF,,
40,Palace opening song,Opening number starts,34,P3 M1 cue 2,M05 ROYAL,MUS-A2-01,BG-23,Lead/ensemble mix,S6,
S6,Crab Rave,Straight after Q40,34,P4 M6 (7 sections),,S06 Crab Rave (original).mp3,,,S6,
41,Evan memory beat,Quiet memory beat,34,P3 M1 cue 3,General 45% + focused warm area,Optional very low underscore,BG-18,No effect,,
42,Octavia enters palace,"Evil chord, Octavia enters",36,P3 M1 cue 4,Royal drains to purple/dark,Evil chord / tension bed,,Dialogue priority,,
42.5,Octavia sings with Ariel's voice,Octavia holds up the shell,36,P3 M1 cue 5,SP3 warm + shell glint,Duet line in Ariel's voice,,Playback or offstage mic,,
43,Cue-card routine,"""Its Coral singers""",37,P3 M1 cue 6,Readable soft palace look,Cue-card underscore,,Keep cards visible,,
44,Palace scene end,Blackout / transition,38,P3 M1 cue 7,M01 BLACKOUT,Underscore out,,Prepare underwater,,
45,Jellyfish search,Search scene begins,39,P3 M2 cue 1,M13 JELLYFISH,VID-01 + comic/ocean bed,BG-11,Optional low haze,,
45.5,Curtains open - jellyfish,"""Not that kind of sting.""",40,P3 M2 cue 2,Full M13 JELLYFISH as tabs open,-,,Tabs open,,
46,Jellyfish chorus,"After ""After four... Four!""",41,P3 M2 cue 3,Hold M13,MUS-A2-02 short chorus,,Audience-interaction timing,S7,
S7,Jellyfish chorus (song to be decided),Straight after Q46,41,P4 M7 (4 sections),,S07 song TBA.wav,,,S7,
47,Jellyfish gag / repeats,Jellyfish appears / repeats,41,P3 M2 cue 4; P3 M2 cue 5,Cyan accent / pulse then M13,Short jellyfish sting / resume chorus,,Manual repeat as scene requires,,yes
48,Spirit returns,Spirit appears,42,P3 M2 cue 6,SP2 + M10 accent,Spirit magic,,Short optional haze,,
49,Scene blackout,Spirit exit / scene end,42,P3 M2 cue 7,M01 BLACKOUT,Magic tail / clean stop,,Lair ready,,
50,Lair reveal,Octavia lair established,42,P3 M3 cue 1,M11 LAIR + SP3/SP4,VID-06 + dark ambience,BG-19,HZ-08 low,,
51,Octavia song,Song begins,42,P3 M3 cue 2,M11 LAIR,MUS-A2-03,,Octavia/ensemble mix,S8,
S8,Poor Unfortunate Souls,Straight after Q51,42,P4 M8 (7 sections),,S08 Poor Unfortunate Souls (original).mp3,,,S8,
52,Shell activation,Shell opened / activated,44,P3 M3 cue 3,M12 VOICE SHELL,Shell magic,BG-09,Low haze; shell isolated,,
53,Voice transfer - Dame,Voice passes to Dame,44,P3 M3 cue 4,Dame fixed special up; shell down,Transfer sting,,Actor must hit mark,,
54,Voice transfer - Flanders,Voice passes to Flanders,45,P3 M3 cue 5,Crossfade Dame -> Flanders,Transfer sting,,Manual actor-paced cue,,
55,Voice transfer - Theodore,Voice passes to Theodore,45,P3 M3 cue 6,Crossfade Flanders -> Theodore,Transfer sting,,Manual actor-paced cue,,
56,Voice transfer - Marina,Voice passes to Marina,45,P3 M3 cue 7,Crossfade Theodore -> Marina,Transfer sting,,Manual actor-paced cue,,
57,Haywire,Voice chaos resolves to Ariel,46,P3 M3 cue 8,Fast specials -> brief flash -> SP1,Magic sequence + resolve,,HZ-09 reduce/OFF,,yes
57b,Ariel restored (57b > 57c),Voice chaos resolves to Ariel,46,P3 M3 cue 9; P3 M3 cue 10,Fast specials -> brief flash -> SP1,Magic sequence + resolve,,HZ-09 reduce/OFF,,yes
58,Cross-fire exit,Music starts / characters exit,47,P3 M3 cue 11,Fast bright transition,Chase/comedy music,BG-19,Water pistol FX only in approved zone,,yes
58.5,Scene Eight end,Stage clear after cross-fire,47,P3 M3 cue 12,Tabs close; fade,Chase music out,,"Deck: towels, dry, strike plinth",,
59,Dry-land reveal,Next land scene established,47,P3 M4 cue 1,M14 DRYLAND,VID-05 / optional land ambience,BG-13,Stage dry check,,
59.5,Spirit appears to Evan,Willis exits; Evan alone,49,P3 M4 cue 2,SP2 + dim M14,Magical sound,,-,,
59.7,Scene Nine end,"""...the voice that sings to your heart!""",49,P3 M4 cue 3,"Dim, then BLACKOUT",Magical sound,,Deck change to wedding,,
60,Wedding preset,Wedding palace ready,50,P3 M5 cue 1,M15 WEDDING,VID-02 + optional ceremony bed,BG-20,Optional low haze only if desired,,
61,Octavia entrance,Octavia interrupts wedding,51,P3 M5 cue 2,SP3 + villain shift,Evil chord,,Haze OFF,,
61.5,Stop the wedding!,"""...speak now or...""",51,P3 M5 cue 3,Bump M15 accent,Comic sting,,-,,
62,Spirit / reveal / arrest beats,Positive reveal begins,54,P3 M5 cue 4,M10/SP2 -> M15,Magic sting / dialogue support,,No effect that masks speech,,
63,Full-cast wedding song,Final Spirit speech resolves into song,54,P3 M5 cue 5,M15 -> celebratory build,MUS-A2-04 + VID-08,BG-25,Optional low haze; full-cast balance,S9,
S9,Absolutely Everybody,Straight after Q63,54,P4 M9 (7 sections),,S09 Absolutely Everybody (original).mp3,,,S9,
63.5,Scene Ten end,End of song,54,P3 M5 cue 6,Tabs close; fade,Song out,,Bows preset,,
64,Bows,Cast line-up / bow starts,54,P3 M6 cue 1,M16 BOWS; optional house 15%,MUS-FIN-01,BG-26,Keep stage evenly lit,S10,
S10,He's a Pirate,Straight after Q64,54,P4 M10 (6 sections),,S10 Hes a Pirate (original).mp3,,,S10,
65,End / exit,Final applause settles,55,P3 M6 cue 2,M02 HOUSE after stage fade,Fade bows -> exit music / VID-99,,Post-show reset begins,,
