Backup Position,Cue Name,Performance Page,Playback Memory,Cue In Section,Internal Memory ID,Fade In (s),QLab trigger,Note
1,01 PRESHOW,2,1,1,10,0,Q1 Preshow preset,
2,02 HOUSE OPEN,2,1,2,10,3,Q2 House open,
3,03 PLACES,2,1,3,10,3,Q3 Places warning,
4,04 SHOW START,2,1,4,10,3,Q4 Show start,
5,05 SPIRIT ENTRANCE,2,1,5,10,3,Q5 Spirit entrance,
6,06 OCTAVIA ENTRANCE,2,1,6,10,3,Q6 Octavia entrance,
7,07 OCTAVIA EXIT,2,1,7,10,3,Q7 Octavia exit,
8,08 OPENING NUMBER,2,1,8,10,0.5,Q8 Opening number,
9,09 THEODORE,2,1,9,10,1.5,Q9 Theodore entrance,
10,10 QUEEN MARINA,2,1,10,10,3,Q10 Queen Marina entrance,
11,11 ARIEL UPSET,2,1,11,10,3,Q11 Ariel upset / exit,
12,12 SINGING LESSON,2,2,1,11,1.5,Q12 Singing Lesson preset,
13,13 AUDIENCE,2,2,2,11,1.5,Q13 Audience interaction,
14,14 DAME SONG,2,2,3,11,0.7,Q14 Dame song,
15,15 ARIEL SOLO,2,2,4,11,1,Q15 Ariel solo,
16,15.5 SHIP ABOVE,2,2,5,11,3,Q15.5 Ship above - Ariel looks up,
17,16 OCTAVIA ENTRANCE,2,2,6,11,3,Q16 Octavia entrance,
18,16.5 STORM SPELL,2,2,7,11,0.5,Q16.5 Octavia conjures the storm,
19,17 BLACKOUT,2,2,8,11,2,Q17 Scene Two blackout,
20,18 SHIP NUMBER,2,3,1,12,0.9,Q18 Ship number,
21,19 WEATHER GAG,2,3,2,12,0.35,Q19 Weather gag,
22,19.3 WEATHER NORMAL,2,3,3,12,0.8,Q19.3 Weather: back to normal,
23,20 STORM WIND,2,3,4,12,0.35,Q20 Storm wind build,
24,21 LIGHTNING 1,2,3,5,12,0,Q21 Lightning 1,
25,21b STORM RETURN,2,3,6,12,0.45,Q21 Lightning 1 (auto +0.2s),Timed return fired by QLab - no desk link time needed
26,22 STORM BUILD,2,3,7,12,0.65,Q22 Storm build,
27,23 MAJOR LIGHTNING,2,3,8,12,0,Q23 Major lightning,
28,23b STORM RETURN,2,3,9,12,0.45,Q23 Major lightning (auto +0.2s),Timed return fired by QLab - no desk link time needed
29,24 SHIP LURCH,2,3,10,12,0.35,Q24 Ship lurch / water,
30,25 STORM PEAK FLASH,2,3,11,12,0,Q25 Storm peak,
31,25b STORM PEAK,2,3,12,12,0.35,Q25 Storm peak (auto +0.2s),Timed return fired by QLab - no desk link time needed
32,26 EVAN OVERBOARD,2,3,13,12,2,Q26 Evan overboard,
33,27 SHORE,2,3,14,12,0.9,Q27 Storm stop / shore transition,
34,27.5 SCENE 3 END,2,3,15,12,2,Q27.5 Scene Three end,
35,28 SPIRIT ON SHORE,2,4,1,13,0.65,Q28 Spirit on shore,
36,28.5 SPIRIT GONE,2,4,2,13,3,Q28.5 Spirit disappears,
37,29 EVAN WAKES,2,4,3,13,3,Q29 Evan wakes,
38,30 DUET,2,4,4,13,0.9,Q30 Ariel/Evan duet,
39,30.5 SCENE 4 END,2,4,5,13,2,Q30.5 Scene Four end,
40,31 UNDERWATER BAR,2,5,1,14,0.7,Q31 Underwater bar / Scene Five,
41,32 OCTAVIA BAR,2,5,2,14,0.45,Q32 Octavia bar entrance,
42,33 BARGAIN STANDBY,2,5,3,14,0.7,Q33 Bargain standby,
43,34 TRANSFORM BUILD,2,5,4,14,0.45,Q34 Transformation build,
44,35 TRANSFORM FLASH,2,5,5,14,0,Q35 Transformation flash,
45,35b NEW STATE,2,5,6,14,0.5,Q35 Transformation flash (auto +0.3s),Timed return fired by QLab - no desk link time needed
46,36 VOICE INTO SHELL,2,5,7,14,3,Q36 Voice into shell,
47,36.5 COURT ENTERS,2,5,8,14,3,Q36.5 Octavia exits; court enters,
48,36.7 SPIRIT ENTERS,2,5,9,14,3,Q36.7 Spirit enters,
49,37 ACT ONE END,2,5,10,14,2,Q37 Act One end,
50,38 INTERVAL,2,6,1,15,3,Q38 Interval,
51,39 ACT TWO START,3,1,1,20,0.8,Q39 Act Two start,
52,40 PALACE SONG,3,1,2,20,0.5,Q40 Palace opening song,
53,41 EVAN MEMORY,3,1,3,20,3,Q41 Evan memory beat,
54,42 OCTAVIA PALACE,3,1,4,20,0.45,Q42 Octavia enters palace,
55,42.5 OCTAVIA SINGS,3,1,5,20,0.3,Q42.5 Octavia sings with Ariel's voice,
56,43 CUE CARDS,3,1,6,20,3,Q43 Cue-card routine,
57,44 PALACE END,3,1,7,20,2,Q44 Palace scene end,
58,45 JELLYFISH SEARCH,3,2,1,21,0.6,Q45 Jellyfish search,
59,45.5 TABS OPEN,3,2,2,21,0.4,Q45.5 Curtains open - jellyfish,
60,46 JELLY CHORUS,3,2,3,21,0.3,Q46 Jellyfish chorus,
61,47 JELLY PULSE,3,2,4,21,0.25,Q47 Jellyfish gag / repeats,
62,47b JELLY RETURN,3,2,5,21,0.4,Q47 Jellyfish gag / repeats (auto +1s),Timed return fired by QLab - no desk link time needed
63,48 SPIRIT RETURNS,3,2,6,21,0.5,Q48 Spirit returns,
64,49 BLACKOUT,3,2,7,21,2,Q49 Scene blackout,
65,50 LAIR REVEAL,3,3,1,22,0.65,Q50 Lair reveal,
66,51 OCTAVIA SONG,3,3,2,22,0.45,Q51 Octavia song,
67,52 SHELL ACTIVATION,3,3,3,22,0.35,Q52 Shell activation,
68,53 VT DAME,3,3,4,22,0.3,Q53 Voice transfer - Dame,
69,54 VT FLANDERS,3,3,5,22,0.3,Q54 Voice transfer - Flanders,
70,55 VT THEODORE,3,3,6,22,0.3,Q55 Voice transfer - Theodore,
71,56 VT MARINA,3,3,7,22,0.3,Q56 Voice transfer - Marina,
72,57 HAYWIRE,3,3,8,22,0.2,Q57 Haywire / Ariel restored,
73,57b RESTORE FLASH,3,3,9,22,0,Q57b Ariel restored (flash > Ariel special),
74,57c ARIEL RESTORED,3,3,10,22,0.4,Q57b Ariel restored (flash > Ariel special) (auto +0.3s),Timed return fired by QLab - no desk link time needed
75,58 CROSS-FIRE EXIT,3,3,11,22,0.45,Q58 Cross-fire exit,
76,58.5 SCENE 8 END,3,3,12,22,2,Q58.5 Scene Eight end,
77,59 DRY-LAND,3,4,1,23,0.9,Q59 Dry-land reveal,
78,59.5 SPIRIT TO EVAN,3,4,2,23,0.6,Q59.5 Spirit appears to Evan,
79,59.7 SCENE 9 END,3,4,3,23,2,Q59.7 Scene Nine end,
80,60 WEDDING PRESET,3,5,1,24,0.9,Q60 Wedding preset,
81,61 OCTAVIA WEDDING,3,5,2,24,0.45,Q61 Octavia entrance,
82,61.5 STOP WEDDING,3,5,3,24,0.35,Q61.5 Stop the wedding!,
83,62 REVEAL / ARREST,3,5,4,24,0.45,Q62 Spirit / reveal / arrest beats,
84,63 WEDDING SONG,3,5,5,24,0.35,Q63 Full-cast wedding song,
85,63.5 SCENE 10 END,3,5,6,24,2,Q63.5 Scene Ten end,
86,64 BOWS,3,6,1,25,0.5,Q64 Bows,
87,65 END,3,6,2,25,1.2,Q65 End / exit,
88,S1.1 LOBSTER INTRO,4,1,1,30,0.7,QS1.1,
89,S1.2 LOBSTER VERSE,4,1,2,30,0.45,QS1.2,
90,S1.3 LOBSTER CHORUS,4,1,3,30,0.2,QS1.3,
91,S1.4 LOBSTER DEEP,4,1,4,30,0.6,QS1.4,
92,S1.5 LOBSTER BUILD,4,1,5,30,0.75,QS1.5,
93,S1.6 LOBSTER FINAL,4,1,6,30,0.2,QS1.6,
94,S1.7 LOBSTER BUTTON,4,1,7,30,0,QS1.7,
95,S2.1 FEELGOOD INTRO,4,2,1,31,1.1,QS2.1,
96,S2.2 FEELGOOD BUILD,4,2,2,31,0.8,QS2.2,
97,S2.3 FEELGOOD DROP,4,2,3,31,0.2,QS2.3,
98,S2.4 FEELGOOD VERSE,4,2,4,31,0.6,QS2.4,
99,S2.5 FEELGOOD DROP2,4,2,5,31,0.2,QS2.5,
100,S2.6 FEELGOOD BUTTON,4,2,6,31,0,QS2.6,
101,S3.1 POYW INTRO,4,3,1,32,1.3,QS3.1,
102,S3.2 POYW VERSE,4,3,2,32,0.85,QS3.2,
103,S3.3 POYW LOOKUP,4,3,3,32,0.5,QS3.3,
104,S3.4 POYW VERSE2,4,3,4,32,0.85,QS3.4,
105,S3.5 POYW SUN,4,3,5,32,1.1,QS3.5,
106,S3.6 POYW FINAL,4,3,6,32,0.45,QS3.6,
107,S3.7 POYW ENDING,4,3,7,32,1.6,QS3.7,
108,S4.1 SHANTY SOLO,4,4,1,33,0.8,QS4.1,
109,S4.2 SHANTY VERSE,4,4,2,33,0.55,QS4.2,
110,S4.3 SHANTY CHORUS,4,4,3,33,0.3,QS4.3,
111,S4.4 SHANTY VERSE2,4,4,4,33,0.55,QS4.4,
112,S4.5 SHANTY STAMP,4,4,5,33,0.3,QS4.5,
113,S4.6 SHANTY LAST,4,4,6,33,0.2,QS4.6,
114,S4.7 SHANTY BUTTON,4,4,7,33,0,QS4.7,
115,S5.1 TIMELIFE INTRO,4,5,1,34,1,QS5.1,
116,S5.2 TIMELIFE VERSE,4,5,2,34,0.7,QS5.2,
117,S5.3 TIMELIFE PRE,4,5,3,34,0.45,QS5.3,
118,S5.4 TIMELIFE CHORUS,4,5,4,34,0.3,QS5.4,
119,S5.5 TIMELIFE DANCE,4,5,5,34,0.35,QS5.5,
120,S5.6 TIMELIFE LIFT,4,5,6,34,0,QS5.6,
121,S5.7 TIMELIFE FINAL,4,5,7,34,0.3,QS5.7,
122,S5.8 TIMELIFE BUTTON,4,5,8,34,0,QS5.8,
123,S6.1 CRABRAVE INTRO,4,6,1,35,0.6,QS6.1,
124,S6.2 CRABRAVE BUILD,4,6,2,35,0.5,QS6.2,
125,S6.3 CRABRAVE DROP,4,6,3,35,0,QS6.3,
126,S6.4 CRABRAVE BREAK,4,6,4,35,0.45,QS6.4,
127,S6.5 CRABRAVE BUILD2,4,6,5,35,0.5,QS6.5,
128,S6.6 CRABRAVE DROP2,4,6,6,35,0,QS6.6,
129,S6.7 CRABRAVE BUTTON,4,6,7,35,0,QS6.7,
130,S7.1 JELLY FOUR,4,7,1,36,0.15,QS7.1,
131,S7.2 JELLY CHORUS,4,7,2,36,0.3,QS7.2,
132,S7.3 JELLY APPEARS,4,7,3,36,0.25,QS7.3,
133,S7.4 JELLY BUTTON,4,7,4,36,0,QS7.4,
134,S8.1 SOULS INTRO,4,8,1,37,0.8,QS8.1,
135,S8.2 SOULS VERSE,4,8,2,37,0.55,QS8.2,
136,S8.3 SOULS CHORUS,4,8,3,37,0.3,QS8.3,
137,S8.4 SOULS BARGAIN,4,8,4,37,0.65,QS8.4,
138,S8.5 SOULS BUILD,4,8,5,37,0.7,QS8.5,
139,S8.6 SOULS CLIMAX,4,8,6,37,0,QS8.6,
140,S8.7 SOULS BUTTON,4,8,7,37,0,QS8.7,
141,S9.1 EVRYBODY INTRO,4,9,1,38,0.6,QS9.1,
142,S9.2 EVRYBODY VERSE,4,9,2,38,0.45,QS9.2,
143,S9.3 EVRYBODY CHORUS,4,9,3,38,0.2,QS9.3,
144,S9.4 EVRYBODY VERSE2,4,9,4,38,0.45,QS9.4,
145,S9.5 EVRYBODY BRIDGE,4,9,5,38,0.55,QS9.5,
146,S9.6 EVRYBODY FINAL,4,9,6,38,0.2,QS9.6,
147,S9.7 EVRYBODY BUTTON,4,9,7,38,0,QS9.7,
148,S10.1 PIRATE INTRO,4,10,1,39,0.7,QS10.1,
149,S10.2 PIRATE THEME,4,10,2,39,0.3,QS10.2,
150,S10.3 PIRATE BUILD,4,10,3,39,0.55,QS10.3,
151,S10.4 PIRATE BRASS,4,10,4,39,0,QS10.4,
152,S10.5 PIRATE FINAL,4,10,5,39,0.25,QS10.5,
153,S10.6 PIRATE BUTTON,4,10,6,39,0,QS10.6,
