Backdrop,Title,Image prompt,Motion prompt,Note
BG-01,House / preshow,"A deep blue ocean seen from below, soft beams of sunlight falling through the water from a rippling surface, tiny drifting bubbles and particles, dark vignette at the edges, calm and inviting.","Light beams slowly sway, particles drift upward, surface ripples shimmer.",Runs low (about 40 % opacity) under house light.
BG-02,Beneath the Waves — the coral,"A magical underwater coral kingdom, colourful coral reefs and swaying sea grass framing the left and right edges, a distant glowing shell-shaped palace far in the background, shafts of turquoise light, open calm water in the centre.","Sea grass sways, small silhouetted fish schools cross the far background, light caustics ripple.","Main underwater look. Loop A for the Prologue and Q36.5, loop B for the Scene Five bar."
BG-03,Coral Conservatoire (singing lesson),"An underwater music room built from coral and shells, a large scallop-shell stage and seaweed curtains at the sides, pearl music stands and bubbles shaped like musical notes, warm golden light.",,Still. Seen only if the tabs are open for Scene Two.
BG-04,Octavia's storm spell,"Dark churning underwater currents swirling in a spiral, deep purple and sickly green light, a sense of gathering magic.","The whirlpool slowly turns and tightens, purple light pulses gently.",Plays under 'the lighting churns' (Q16.5); out on the Q17 blackout.
BG-05,Ship — calm sea,"A blue sunny day on a gentle ocean, soft white clouds, distant horizon (R10: ship deck removed to match the script, p 19).","Gentle swell, clouds drift, sun glints move on the water.",Keep the rocking tiny — strong motion on a big screen makes audiences queasy.
BG-06,Weather report — 'sunny',"An absurdly perfect sunny sky, a big bright sun, perfect blue sky, fluffy clouds, over a calm sea.",,Comic snap for the weather gag (Q19).
BG-07,The storm,"A violent storm at sea, towering dark waves, driving rain, low black clouds lit from inside, deep blue and steel grey (R10: deck removed).","Rain falls, waves heave, clouds churn. No lightning.","Lightning comes from the Mantra (Q21, Q23, Q25) — never flashes in the video (R-04)."
BG-08,The shore,"A quiet sandy cove at sunrise just after a storm, soft peach and pale gold sky, small waves, driftwood and a coil of rope at the edges, rocks framing the sides.","Small waves wash in and out, clouds drift, light slowly warms.",Scene Four is played in front of the tabs: seen only if the tabs are open or a gauze is used.
BG-09,Transformation magic,"Swirling magical energy, violet and cyan glowing particles spiralling around an empty centre, sparkles and soft light trails, dark background.","Particles spiral slowly upward and inward. Gentle, not flashing.",Runs under the transformation (Q33) and the voice transfer (Q52). The white hits come from lighting.
BG-10,Royal palace — great hall,"The grand hall of a seaside palace, tall arched windows over the sea, marble columns, red and gold drapes, warm afternoon sun.","Curtains stir, sunlight shifts, sea sparkles.",Spare — replaced by BG-18 in R10.
BG-11,Jellyfish search,"A playful bright underwater scene, coral and kelp framing the edges, soft pink and cyan jellyfish drifting far in the background, bubbles, cheerful light.","Distant jellyfish pulse and drift upward, bubbles rise, kelp sways.",The real jellyfish is a performer — the video ones stay small and distant.
BG-12,Octavia's lair (first version),"A dark sea-witch's cave, jagged rock arches, eerie green glow from cracks, deep purple shadows.","Green glow pulses slowly, dark particles drift.",Spare — replaced by BG-19 in R10.
BG-13,Back on dry land — palace terrace,"A sunny palace terrace above the sea, stone balustrade, potted flowers, bright blue sea and sky.",,Still. Comic armbands scene (Q59).
BG-14,The wedding (indoor hall),"The seaside great hall dressed for a royal wedding, white and gold flowers, a flower arch, candlelight.","Candles flicker, petals drift down.",Spare — the script sets the wedding outdoors (BG-20).
BG-15,Finale — fireworks,"A celebratory night sky over the sea and a distant palace, soft fireworks, reflections on the water.",Fireworks bloom and fade slowly. No rapid flashes.,Spare — swap with BG-26 if the director prefers fireworks.
BG-16,Interval card,"A calm underwater scene with empty space in the upper centre for a title, soft blue light, coral silhouettes along the bottom.",,"Still. Add the interval text in QLab, not in the image."
BG-17,Busy coral reef,"A lively coral reef bustling with small tropical fish, starfish and anemones along the edges and upper background, turquoise water, sunbeams, open water in the lower centre.","Schools of small fish swim slowly across the upper background, sea grass sways.",Scene One (script p 8). Fish stay small and high so they don't compete with dancers.
BG-18,Grand ballroom,"A grand royal ballroom by the sea, crystal chandeliers, red drapes and tall arched windows with the ocean beyond, red carpet, warm evening light.","Chandelier crystals glint, curtains stir, the sea sparkles.",Scene Six (script p 34).
BG-19,Dingy cave with jars and bones,"A dark sea-witch's cave, shelves of glowing potion jars, fish skeletons on the floor, eerie green and purple glow, a faint pool of light in the centre.","Potions glow and pulse slowly, murky particles drift, green mist creeps.",Scene Eight (script p 43). The shell is lit by SP4 — no bright glow in the video centre.
BG-20,Palace gardens wedding (outdoors),"The sunny outdoor terrace of a seaside palace dressed for a wedding, a white flower arch, rose garlands, the blue sea beyond, soft golden light.","Petals drift down slowly, garlands flutter, the sea sparkles.",Scene Ten (script p 51).
BG-21,After the storm — clearing sky,"Storm clouds breaking apart to a calm blue sky and a rainbow, the sea settling (R10: built from the real BG-07 clouds clearing to the BG-05 sky).","Clouds drift apart, sunlight widens, the rainbow brightens slowly.",Q27 — 'the cyclorama reverts to calm seas' (script p 22).
BG-22,Rock Lobster beach party,"A retro beach party under the sea: the reef strung with glowing lanterns in hot pink, orange, lime and turquoise, surfboards in the sand, bubbles like confetti.","Lanterns bob, lights glow and dim softly in sequence (no flashing), bubbles float up.",S1 Rock Lobster (Q8); crossfades to BG-17 at Q9.
BG-23,Ballroom rave,"The grand ballroom at night turned into a party: mirror-ball glow, soft beams of cyan, magenta and orange light through haze, sparkles on the floor.","Beams sweep slowly, mirror-ball specks drift. No strobing.",S6 Crab Rave (Q40). Beam colours match the S6 lighting.
BG-24,Potion storm,"Inside the sea-witch's cave, a swirling vortex of green and purple potion smoke rising from a cauldron, glowing jars on the shelves.","Smoke swirls slowly upward, glow brightens and fades.",Spare — optional for the S8 build and climax (not in the R13.1 workspace).
BG-25,Celebration — confetti and rainbow,"The palace gardens in full celebration, rainbow ribbons, confetti drifting, soft rainbow light, the sea glowing gold.","Confetti falls slowly, ribbons wave, rainbow light shimmers.",S9 Absolutely Everybody (Q63).
BG-26,Tall ship at sunset,"A proud tall ship in silhouette on a glowing sea at sunset, orange and purple sky, a lighthouse on a distant headland.","The ship rides the swell, clouds move slowly. No fast cuts.",S10 He's a Pirate — the bows play-out (Q64).
