Status,Priority,Where,Action,Why
DONE in R13.1,1,"QLab Q21, Q23, Q25, Q35, Q47",Timed return OSC cues added (0.2/0.2/0.2/0.3/1.0 s) to 21b/23b/25b/35b/47b,Replaces the six hand-set desk link times from R9
DONE in R13.1,1,QLab Q57 / new Q57b,"HAYWIRE chase on at Q57; Q57b fires 57b flash, 57c Ariel special (+0.3 s), chase off, restore SFX",57b/57c had no trigger
DONE in R13.1,1,QLab (31 cues),"Release OSC cues: Level=0 to the memory being left, at each section/song change",Stops song and scene looks stacking
DONE in R13.1,1,"QLab Q9, Q15, Q15.5, Q19, Q41, Q52",3 s fade and stop on the song track,Real tracks would run under the next scene
DONE in R13.1,1,QLab (58 audio cues),Re-targeted to the new SFX pack and 9 supplied songs; end times set to the real file lengths; stale R11 bookmarks cleared on these cues,
DONE in R13.1,3,QLab,"Removed 11 stale memos, 10 empty disarmed MUS cues, empty SONGS cue list",
DONE in R13.1,2,Mantra .mtr,File-size footer corrected to 4479331,Was still the R9 value
DONE in R13.1 package,1,QLab (38 cues),Stale R11 aliases cleared on the 38 remaining media cues (videos + untouched audio); QLab now finds every file by its path inside the show folder. An old TLM_R11_FLASHY_Show_Files folder can no longer be picked up (removing it is still tidy but optional),Old R11 aliases in the workspace
TO DO,1,QLab Workspace Settings > Audio,Patch 1 -> StudioLive USB device,Machine-specific - cannot be set from the file
TO DO,1,QLab Workspace Settings > Video,Stage 1 -> projector output,Machine-specific
TO DO,1,"Songs S2, S3, S4, S5",Source backing/instrumental versions; save under new names; drag onto S#.0,"Current files are vocal versions (""swap for backing"")"
TO DO,1,"Q1, Q2, Q37, Q38, Q65","Add house / preshow / end of Act One / interval / exit music (new names, drag onto cue)",Still silent placeholders
TO DO,1,Q42.5,Record Ariel duet line; drag onto cue,Still silent placeholder
TO DO,2,S7,Choose jellyfish chorus song; drag onto S7.0,
TO DO,2,QLab Workspace Settings > Network,MANTRA interface -> wired Ethernet,
TO DO,2,Mantra network,Turn off Art-Net or sACN (whichever the U2 node does not use),Both enabled
DONE in R13.1,2,Q19.2 Weather: periodic rain,Rain burst audio cue added (Q019-2_SFX_Rain_Burst.wav),Group was empty
TO DO,2,Rig,Confirm PixBar #38 and TourCOB #39 exist (patch has 39 LED fixtures),R9 text disagrees
DONE in R13.1 package,2,Front of house,Printable notice supplied: docs/FOH_Flashing_Lights_and_Haze_Notice.pdf - print and post it at the doors,White flash hits in storm/transformation/restore
TO DO,1,Cue-to-cue,"Check every flash return timing, the Q57/Q57b sequence, and the song fades; adjust pre-waits/fade times to taste",
DONE in R13.1 package,2,Printouts,"Operator cue sheets and Mantra labels rebuilt for R13.1: docs/TLM_R13_1_Operator_Cue_Sheets.pdf, docs/TLM_R13_1_Mantra_Labels.pdf - print and replace the R8 sheets/labels",R8 printouts showed the old single P2 M1 show list
DONE in R13.1 package,3,Mantra BASE_SHOW_2026.mtr,"Clean venue base added to the show folder; patch, custom fixtures, network, rig view, P1 looks and memories 100-109 identical to the R13.1 show file (checked by tools/check_mantra_base.py)",Venue restore point the book refers to (Part C step 1)
DONE in R13.1 package,3,QLab BASE_SHOW_2026.qlab5,"QLab base for the Mantra venue base: V1-V10 P1 looks, T1-T41 rig test one fixture at a time, E1 panic / E2 all off / E3 stage work; built by tools/make_qlab_base.py, checked by tools/check_mantra_base.py",Rig check and venue use without the show workspace
TO DO,2,Rig,"Run the rig ID test (docs/BASE_SHOW_2026_Rig_ID_Test.pdf): I1-I4 type sweep, then T1-T40 one by one; fix any address/mode faults",Confirms every fixture and settles whether #38 PIX and #39 COB exist
DONE in LX/sound review,1,"Mantra flash cues Q21, Q23, Q25, Q35, Q57b + look M09","Colour fixtures set to white (FOH stays cool white), also in the P8 backup list","Flashes were full white plus saturated colour, so they read as tinted hits"
DONE in LX/sound review,1,Mantra storm Q20-Q25b and Q26,"Q20-Q25b use the M08 STORM colours (levels unchanged); Q26 is a low deep-blue tail (back 45 %, side 30 %)","Backlight changed colour on every storm cue and each flash returned to a different colour"
DONE in LX/sound review,2,"Mantra Q1, Q2, Q3, Q38, Q65",Backlight in the M02 HOUSE colour,"Preshow backlight changed colour in front of the audience"
DONE in LX/sound review,1,Mantra Q36 and Q52-Q56,Side and backlight at the M12 VOICE SHELL levels (16 % / 18 %),"Backlight at 88-90 % outshone the shell special at 85 %"
DONE in LX/sound review,1,QLab (69 audio cues),"Starting levels: songs and Q42.5 0 dB, thunder/impact -3, SFX and house music -6, storm loops -9, beds -15, Q41 -18; FADE TO cues at Q3/Q46/Q51 keep the same drop","Every cue was at 0 dB"
DONE in LX/sound review,1,QLab storm Q22/Q26/Q27,"Q22 fades out Q20 (3 s); Q26 fades out Q25 and takes Q22 to -21 dB (4 s); Q27 storm fade-outs 2.5 s","Four storm layers stacked at 0 dB and buried the Q26 splash/decay"
DONE in LX/sound review,2,QLab Q19,"Wind/rain bed disarmed; Q19/Q19.2 notes updated","It played rain before the ""periodic rain"" line"
DONE in LX/sound review,2,"QLab Q1, Q2, Q37, Q38, Q65",Music set to loop,"House and interval music must last the whole house-open / interval"
TO DO,1,Cue-to-cue,"Check the new storm colours, white flashes and shell levels from the house; trim every sound level with the real files","Levels and colours are starting points"
DONE in fixed-FOH update,1,Mantra show memories 10-70 (C42 #1-12),"C42 jobs reassigned to the fixed FOH positions (faces #1+4, #5+8, #9+12; SP2 #2, V1 #3, SP1 #6, V2 #7, SP4 #10, SP3 #11); programming moved with each job by tools/apply_fixed_foh_jobs.py","The C42s cannot be moved and hang in number order; the old jobs put every face on the house-left half"
DONE in fixed-FOH update,2,Book B/B2/K + base printouts,"Layout plan, labels, link map and rig ID test rebuilt from the installed rig (venue photos); as-installed vs plan table on B2 sheet 2",
TO DO,1,Rig,"Confirm the C42 order #1 (SR end) to #12 and focus each job from its position; rig ID test for COB/PixBar positions",
DONE in fixed-FOH update,2,Book B3 + docs,"Rig Move Guide (Part B3) and docs/TLM_Lighting_Changes_R13_1.pdf added; the 3 pelmet PixBars and COB #39 stay where they are",
